,t_lod_fstar,tumor_f,t_ref_count,t_alt_count,dbsnp_af,dbsnp,esp_af,esp,thousand_af,thousand,gnomad_af,gnomad,classification_to_remove,log_like_RNA,pon_RNA_1,pon_RNA_2,pon_RNA_3,pon_RNA_4,pon_RNA_5,pon_RNA_6,pon_RNA_7,pon_RNA_8,log_like_DNA,pon_DNA_1,pon_DNA_2,pon_DNA_3,pon_DNA_4,pon_DNA_5,pon_DNA_6,pon_DNA_7,pon_DNA_8,is_somatic
0,131.857119,0.074543,658,53,0.430879502,0,17.7235512,0,0.461383628,0,0.273351271,0,0,-2.207968705,1161,5277,72,1,0,1,0,0,-2.317618956,8206,120,8,0,0,0,0,0,1
1,411.001401,0.483051,122,114,0.430879502,0,17.7235512,0,0.461383628,0,4.71E-06,1,0,-2.677045727,1178,5284,46,4,0,0,0,0,-3.147952342,8105,228,1,0,0,0,0,0,1
2,463.726851,0.422951,176,129,0.430879502,0,0.0618,1,0.461383628,0,0.000155558,1,0,-1.590805612,1254,5198,56,4,0,0,0,0,-2.337229403,7532,781,21,0,0,0,0,0,1
3,669.096734,0.545181,151,181,0.430879502,0,17.7235512,0,0.461383628,0,0.273351271,0,0,-4.191775037,1021,5442,45,4,0,0,0,0,-3.626277957,6619,1686,29,0,0,0,0,0,1
4,14.025322,0.307692,9,4,0.430879502,0,17.7235512,0,0.461383628,0,0.273351271,0,0,-3.160141715,1209,5237,64,2,0,0,0,0,-3.03696518,46,8176,74,35,3,0,0,0,1
5,6.322359,0.041667,69,3,0.430879502,0,17.7235512,0,0.461383628,0,1.20E-05,1,0,-2.753416212,1419,5012,79,2,0,0,0,0,-2.182619488,49,8070,180,30,3,2,0,0,1
6,26.847231,0.307692,18,8,0.430879502,0,17.7235512,0,0.461383628,0,5.03E-05,1,0,-3.36323363,1873,4562,74,1,0,2,0,0,-3.202709458,48,8135,132,16,3,0,0,0,1
7,41.44039,0.647059,6,11,0.430879502,0,17.7235512,0,0.461383628,0,1.88E-05,1,0,-2.753623644,2148,4278,79,6,0,1,0,0,-3.706788746,45,8142,58,63,22,1,0,3,1
8,37.573675,0.625,6,10,0.430879502,0,17.7235512,0,0.461383628,0,0.273351271,0,0,-4.361768512,36,6308,156,11,0,1,0,0,-3.253222887,3922,4324,86,2,0,0,0,0,1
9,114.833309,0.532258,29,33,0.0001997,1,17.7235512,0,0.002,1,0.000105122,1,0,-3.504433345,4928,1539,40,5,0,0,0,0,-2.757144826,7053,1257,22,2,0,0,0,0,1
10,114.354578,0.731707,11,30,0.430879502,0,17.7235512,0,0.461383628,0,0,1,0,-3.064491229,6502,9,1,0,0,0,0,0,-2.899452236,8327,5,2,0,0,0,0,0,1
11,15.961257,0.034826,194,7,0.430879502,0,17.7235512,0,0.461383628,0,7.98E-06,1,0,-2.710035593,3411,3021,76,4,0,0,0,0,-2.785499723,65,7837,382,48,1,1,0,0,1
12,96.208021,0.119863,257,35,0.430879502,0,17.7235512,0,0.461383628,0,0.273351271,0,0,-2.157807571,6465,1,44,2,0,0,0,0,-2.591003679,48,7995,247,42,1,1,0,0,1
13,429.849054,0.344086,244,128,0.430879502,0,17.7235512,0,0.461383628,0,0.273351271,0,0,-2.877333375,3628,2843,40,1,0,0,0,0,-3.048706884,236,7876,214,6,1,1,0,0,1
14,179.306036,0.363636,91,52,0.000599,1,0.0077,1,0.461383628,0,0.000115134,1,0,-2.039495317,3768,2695,48,1,0,0,0,0,-2.38625168,639,7441,246,8,0,0,0,0,1
15,66.111645,0.322581,42,20,0.430879502,0,17.7235512,0,0.461383628,0,1.19E-05,1,0,-4.236498101,6454,55,3,0,0,0,0,0,-4.84557243,8318,12,3,1,0,0,0,0,1
16,41.332245,0.48,13,12,0.430879502,0,17.7235512,0,0.461383628,0,0.273351271,0,0,-3.438229183,6344,107,58,3,0,0,0,0,-3.226453328,8132,6,129,55,0,0,12,0,1
17,27.410985,0.32,17,8,0.430879502,0,17.7235512,0,0.461383628,0,2.51E-05,1,0,-2.008984181,6371,139,2,0,0,0,0,0,-1.663238455,8293,36,5,0,0,0,0,0,1
18,81.10276,0.19084,106,25,0.430879502,0,17.7235512,0,0.461383628,0,0.273351271,0,0,-3.460971641,6301,205,5,1,0,0,0,0,-2.774749794,8269,62,3,0,0,0,0,0,1
19,23.530552,0.258065,23,8,0.0001997,1,17.7235512,0,0.461383628,0,1.22E-05,1,0,-2.875789093,6331,174,6,0,0,0,1,0,-3.134102282,8316,12,6,0,0,0,0,0,1
20,25.447626,0.186047,35,8,0.430879502,0,17.7235512,0,0.461383628,0,0,1,0,-2.387368192,1214,5210,82,6,0,0,0,0,-3.244840511,6274,2034,24,2,0,0,0,0,1
21,16.255942,0.217391,18,5,0.430879502,0,17.7235512,0,0.461383628,0,0.000217484,1,0,-2.780763421,24,6401,71,16,0,0,0,0,-2.63635645,50,8149,121,12,1,1,0,0,1
22,71.883987,0.37037,34,20,0.430879502,0,17.7235512,0,0.461383628,0,4.00E-06,1,0,-2.744245221,904,5544,57,7,0,0,0,0,-2.319997068,8317,12,4,1,0,0,0,0,1
23,187.187427,0.442623,68,54,0.430879502,0,17.7235512,0,0.461383628,0,0.273351271,0,0,-2.510083132,1019,5445,44,4,0,0,0,0,-2.342398423,8325,9,0,0,0,0,0,0,1
24,238.456182,0.358696,118,66,0.430879502,0,17.7235512,0,0.461383628,0,7.98E-06,1,0,-2.911993804,1592,4436,414,57,0,10,3,0,-2.513497709,8318,11,5,0,0,0,0,0,1
25,436.290948,0.49187,125,121,0.430879502,0,17.7235512,0,0.461383628,0,0.273351271,0,0,-3.20802177,2206,4264,41,1,0,0,0,0,-2.544789355,7690,637,7,0,0,0,0,0,1
26,230.852073,0.440559,80,63,0.430879502,0,17.7235512,0,0.461383628,0,3.98E-06,1,0,-2.799217169,1489,4973,48,2,0,0,0,0,-2.789292321,7632,679,22,1,0,0,0,0,1
27,17.566047,0.048276,138,7,0.430879502,0,17.7235512,0,0.461383628,0,1.99E-05,1,0,-2.690722804,1020,5416,71,4,0,1,0,0,-2.788792846,7589,738,6,1,0,0,0,0,1
28,41.294392,0.106061,118,14,0.430879502,0,17.7235512,0,0.461383628,0,0.273351271,0,0,-3.546370859,597,5840,70,5,0,0,0,0,-3.943628963,7634,696,4,0,0,0,0,0,1
29,141.458242,0.371681,71,42,0.430879502,0,17.7235512,0,0.461383628,0,4.00E-06,1,0,-2.540154835,457,5959,91,5,0,0,0,0,-2.274214519,7635,688,10,1,0,0,0,0,1
30,316.940571,0.373984,154,92,0.430879502,0,17.7235512,0,0.461383628,0,0.273351271,0,0,-2.454224275,783,5629,97,2,0,1,0,0,-2.637419504,8309,19,5,1,0,0,0,0,1
31,54.897586,0.102703,166,19,0.430879502,0,17.7235512,0,0.461383628,0,4.90E-06,1,0,-2.907958587,840,5578,86,8,0,0,0,0,-3.177023796,7641,681,11,1,0,0,0,0,1
32,13.342614,0.03871,149,6,0.430879502,0,17.7235512,0,0.461383628,0,0.273351271,0,0,-2.874770174,1424,4694,346,38,0,6,4,0,-3.217620543,48,8216,56,10,4,0,0,0,1
33,24.671218,0.02963,393,12,0.430879502,0,17.7235512,0,0.461383628,0,1.50E-05,1,0,-3.120525486,1193,5196,115,6,0,1,1,0,-3.490673076,48,8029,211,38,7,1,0,0,1
34,263.095742,0.365639,144,83,0.430879502,0,17.7235512,0,0.461383628,0,0.273351271,0,0,-3.062806366,1252,5186,68,5,0,1,0,0,-3.472017039,46,7920,190,131,26,21,0,0,1
35,155.134907,0.4,66,44,0.430879502,0,17.7235512,0,0.461383628,0,8.79E-06,1,0,-2.709594142,2062,4414,35,1,0,0,0,0,-3.219274283,47,8187,74,26,0,0,0,0,1
36,412.335105,0.746479,36,106,0.430879502,0,0.0154,1,0.461383628,0,2.05E-05,1,0,-2.377929509,5895,114,335,91,0,0,77,0,-2.377260574,7940,9,257,85,0,0,43,0,1
37,70.011109,0.109312,220,27,0.430879502,0,17.7235512,0,0.461383628,0,0.273351271,0,0,-3.105247873,6374,132,6,0,0,0,0,0,-3.112828605,8317,11,6,0,0,0,0,0,1
38,258.044512,0.40884,107,74,0.430879502,0,17.7235512,0,0.461383628,0,1.31E-05,1,0,-2.815360758,6364,146,2,0,0,0,0,0,-3.196142951,8320,11,3,0,0,0,0,0,1
39,17.274972,0.5,5,5,0.430879502,0,17.7235512,0,0.461383628,0,0.273351271,0,0,-3.724635729,4507,1983,17,5,0,0,0,0,-5.000997625,8308,23,3,0,0,0,0,0,1
40,98.381891,0.459016,33,28,0.430879502,0,17.7235512,0,0.461383628,0,0,1,0,-2.517357048,559,5879,62,11,1,0,0,0,-2.791716056,8317,14,3,0,0,0,0,0,1
41,10.432896,0.375,5,3,0.0001997,1,17.7235512,0,0.461383628,0,2.23E-05,1,0,-3.749532891,608,5840,56,7,1,0,0,0,-2.830345433,8249,85,0,0,0,0,0,0,1
42,15.749699,0.666667,2,4,0.430879502,0,17.7235512,0,0.461383628,0,4.56E-05,1,0,-3.145628236,544,5825,111,29,3,0,0,0,-2.354255254,7847,476,11,0,0,0,0,0,1
43,31.929975,0.409091,13,9,0.430879502,0,17.7235512,0,0.461383628,0,0.273351271,0,0,-2.86686887,546,5870,71,24,0,1,0,0,-2.586039696,7676,648,9,1,0,0,0,0,1
44,48.822562,0.441176,19,15,0.0007987,1,17.7235512,0,0.461383628,0,6.61E-05,1,0,-3.443316469,2083,4356,66,6,0,1,0,0,-2.936371111,7694,630,9,1,0,0,0,0,1
45,55.796675,0.410256,23,16,0.430879502,0,17.7235512,0,0.461383628,0,1.97E-05,1,0,-3.809009704,8,6372,102,23,4,3,0,0,-3.361106981,62,8039,215,18,0,0,0,0,1
46,32.475222,0.5,9,9,0.430879502,0,17.7235512,0,0.461383628,0,5.35E-06,1,0,-3.390604829,5673,832,7,0,0,0,0,0,-3.522098937,47,8205,65,16,0,1,0,0,1
47,400.06075,0.365979,246,142,0.430879502,0,17.7235512,0,0.461383628,0,4.03E-06,1,0,-3.042467814,866,5409,214,18,0,5,0,0,-2.925470743,7635,667,27,4,0,1,0,0,1
48,688.197433,0.475973,229,208,0.430879502,0,17.7235512,0,0.461383628,0,7.99E-06,1,0,-2.275896352,271,6162,79,0,0,0,0,0,-2.141424579,7640,669,22,2,1,0,0,0,1
49,34.306321,0.15942,58,11,0.430879502,0,17.7235512,0,0.461383628,0,0.273351271,0,1,-4.00202271,3581,2852,72,7,0,0,0,0,-5.378088118,7863,466,5,0,0,0,0,0,0
50,21.716662,0.315789,13,6,0.09585,1,17.7235512,0,0.461383628,0,0.273351271,0,1,-20,2533,3915,63,1,0,0,0,0,-20,7842,485,7,0,0,0,0,0,0
51,32.652926,0.153846,55,10,0.09585,1,17.7235512,0,0.461383628,0,0.273351271,0,1,-9.317488137,2533,3915,63,1,0,0,0,0,-10.53299069,7842,485,7,0,0,0,0,0,0
52,9.800797,0.25,9,3,0.09585,1,17.7235512,0,0.461383628,0,0.273351271,0,1,-4.693377413,2533,3915,63,1,0,0,0,0,-5.774942662,7842,485,7,0,0,0,0,0,0
53,9.208005,0.09375,29,3,0.09585,1,17.7235512,0,0.461383628,0,0.273351271,0,1,-6.219273,2533,3915,63,1,0,0,0,0,-7.337998532,7842,485,7,0,0,0,0,0,0
54,38.355455,0.423077,15,11,0.09585,1,17.7235512,0,0.461383628,0,0.273351271,0,1,-20,2533,3915,63,1,0,0,0,0,-20,7842,485,7,0,0,0,0,0,0
55,34.195013,0.27027,27,10,0.09585,1,17.7235512,0,0.461383628,0,0.273351271,0,1,-19.99998312,2533,3915,63,1,0,0,0,0,-20,7842,485,7,0,0,0,0,0,0
56,8.847642,0.083333,33,3,0.09585,1,17.7235512,0,0.461383628,0,0.273351271,0,1,-11.71733502,2533,3915,63,1,0,0,0,0,-13.45420325,7842,485,7,0,0,0,0,0,0
57,26.790405,0.173913,38,8,0.09585,1,17.7235512,0,0.461383628,0,0.273351271,0,1,-14.49525904,2533,3915,63,1,0,0,0,0,-16.64692182,7842,485,7,0,0,0,0,0,0
58,22.702142,0.170732,34,7,0.09585,1,17.7235512,0,0.461383628,0,0.273351271,0,1,-19.99256655,2533,3915,63,1,0,0,0,0,-19.99999928,7842,485,7,0,0,0,0,0,0
59,8.851796,0.12,22,3,0.09585,1,17.7235512,0,0.461383628,0,0.273351271,0,1,-16.33770621,2533,3915,63,1,0,0,0,0,-19.30107803,7842,485,7,0,0,0,0,0,0
60,14.321512,0.104167,43,5,0.09585,1,17.7235512,0,0.461383628,0,0.273351271,0,1,-8.938317481,2533,3915,63,1,0,0,0,0,-10.15343098,7842,485,7,0,0,0,0,0,0
61,11.861314,0.153846,22,4,0.09585,1,17.7235512,0,0.461383628,0,0.273351271,0,1,-15.550764,2533,3915,63,1,0,0,0,0,-17.29710464,7842,485,7,0,0,0,0,0,0
62,52.183334,0.722222,5,13,0.09585,1,17.7235512,0,0.461383628,0,0.273351271,0,1,-12.95712078,2533,3915,63,1,0,0,0,0,-14.37713199,7842,485,7,0,0,0,0,0,0
63,16.123972,0.142857,36,6,0.09585,1,17.7235512,0,0.461383628,0,0.273351271,0,1,-17.81671303,2533,3915,63,1,0,0,0,0,-19.94725334,7842,485,7,0,0,0,0,0,0
64,30.893567,0.310345,20,9,0.09585,1,17.7235512,0,0.461383628,0,0.273351271,0,1,-19.99999248,2533,3915,63,1,0,0,0,0,-20,7842,485,7,0,0,0,0,0,0
65,20.186738,0.333333,12,6,0.09585,1,17.7235512,0,0.461383628,0,0.273351271,0,1,-4.296147853,2533,3915,63,1,0,0,0,0,-5.377654041,7842,485,7,0,0,0,0,0,0
66,38.259719,0.261905,31,11,0.09585,1,17.7235512,0,0.461383628,0,0.273351271,0,1,-20,2533,3915,63,1,0,0,0,0,-20,7842,485,7,0,0,0,0,0,0
67,14.870966,0.3125,11,5,0.09585,1,17.7235512,0,0.461383628,0,0.273351271,0,1,-17.65995304,2533,3915,63,1,0,0,0,0,-19.81340383,7842,485,7,0,0,0,0,0,0
68,14.140672,0.266667,11,4,0.09585,1,17.7235512,0,0.461383628,0,0.273351271,0,1,-19.99510219,2533,3915,63,1,0,0,0,0,-19.99999953,7842,485,7,0,0,0,0,0,0
69,14.677164,0.363636,7,4,0.09585,1,17.7235512,0,0.461383628,0,0.273351271,0,1,-20,2533,3915,63,1,0,0,0,0,-20,7842,485,7,0,0,0,0,0,0
70,55.226246,0.347826,30,16,0.09585,1,17.7235512,0,0.461383628,0,0.273351271,0,1,-18.9106246,2533,3915,63,1,0,0,0,0,-19.98816707,7842,485,7,0,0,0,0,0,0
71,36.677978,0.174603,52,11,0.09585,1,17.7235512,0,0.461383628,0,0.273351271,0,1,-9.113888577,2533,3915,63,1,0,0,0,0,-10.32919648,7842,485,7,0,0,0,0,0,0
72,6.427488,0.111111,16,2,0.09585,1,17.7235512,0,0.461383628,0,0.273351271,0,1,-7.479622704,2533,3915,63,1,0,0,0,0,-8.598923828,7842,485,7,0,0,0,0,0,0
73,127.077076,0.589286,23,33,0.09585,1,17.7235512,0,0.461383628,0,0.273351271,0,1,-15.44588815,2533,3915,63,1,0,0,0,0,-17.59944903,7842,485,7,0,0,0,0,0,0
74,12.761067,0.153846,22,4,0.09585,1,17.7235512,0,0.461383628,0,0.273351271,0,1,-4.392821118,2533,3915,63,1,0,0,0,0,-5.474346961,7842,485,7,0,0,0,0,0,0
75,16.052457,0.142857,30,5,0.09585,1,17.7235512,0,0.461383628,0,0.273351271,0,1,-10.80768404,2533,3915,63,1,0,0,0,0,-12.22457716,7842,485,7,0,0,0,0,0,0
76,26.325164,0.5,7,7,0.09585,1,17.7235512,0,0.461383628,0,0.273351271,0,1,-6.635971588,2533,3915,63,1,0,0,0,0,-7.754984051,7842,485,7,0,0,0,0,0,0
77,19.163159,0.230769,20,6,0.09585,1,17.7235512,0,0.461383628,0,0.273351271,0,1,-4.693377413,2533,3915,63,1,0,0,0,0,-5.774942662,7842,485,7,0,0,0,0,0,0
78,19.191502,0.153846,33,6,0.09585,1,17.7235512,0,0.461383628,0,0.273351271,0,1,-10.66229188,2533,3915,63,1,0,0,0,0,-12.0787966,7842,485,7,0,0,0,0,0,0
79,22.021069,0.152174,39,7,0.09585,1,17.7235512,0,0.461383628,0,0.273351271,0,1,-6.957467686,2533,3915,63,1,0,0,0,0,-8.076624262,7842,485,7,0,0,0,0,0,0
80,17.923853,0.384615,8,5,0.09585,1,17.7235512,0,0.461383628,0,0.273351271,0,1,-10.25793336,2533,3915,63,1,0,0,0,0,-11.47402131,7842,485,7,0,0,0,0,0,0
81,9.65996,0.15,17,3,0.09585,1,17.7235512,0,0.461383628,0,0.273351271,0,1,-20,2533,3915,63,1,0,0,0,0,-20,7842,485,7,0,0,0,0,0,0
82,6.496371,0.133333,13,2,0.09585,1,17.7235512,0,0.461383628,0,0.273351271,0,1,-4.392821118,2533,3915,63,1,0,0,0,0,-5.474346961,7842,485,7,0,0,0,0,0,0
83,16.09998,0.083333,66,6,0.09585,1,17.7235512,0,0.461383628,0,0.273351271,0,1,-4.392821118,2533,3915,63,1,0,0,0,0,-5.474346961,7842,485,7,0,0,0,0,0,0
84,16.764928,0.227273,17,5,0.09585,1,17.7235512,0,0.461383628,0,0.273351271,0,1,-14.83404476,2533,3915,63,1,0,0,0,0,-16.98684978,7842,485,7,0,0,0,0,0,0
85,41.95957,0.26087,34,12,0.09585,1,17.7235512,0,0.461383628,0,0.273351271,0,1,-11.3375611,2533,3915,63,1,0,0,0,0,-12.75562141,7842,485,7,0,0,0,0,0,0
86,32.309865,0.196078,41,10,0.09585,1,17.7235512,0,0.461383628,0,0.273351271,0,1,-12.69801087,2533,3915,63,1,0,0,0,0,-14.43945385,7842,485,7,0,0,0,0,0,0
87,11.862698,0.2,16,4,0.09585,1,17.7235512,0,0.461383628,0,0.273351271,0,1,-11.71733502,2533,3915,63,1,0,0,0,0,-13.45420325,7842,485,7,0,0,0,0,0,0
88,31.524295,0.080292,126,11,0.09585,1,17.7235512,0,0.461383628,0,0.273351271,0,1,-13.8049926,2533,3915,63,1,0,0,0,0,-15.95338669,7842,485,7,0,0,0,0,0,0
89,11.762143,0.210526,15,4,0.09585,1,17.7235512,0,0.461383628,0,0.273351271,0,1,-19.97888523,2533,3915,63,1,0,0,0,0,-19.99998201,7842,485,7,0,0,0,0,0,0
90,11.416838,0.074074,50,4,0.09585,1,17.7235512,0,0.461383628,0,0.273351271,0,1,-6.957467686,2533,3915,63,1,0,0,0,0,-8.076624262,7842,485,7,0,0,0,0,0,0
91,55.431491,0.290909,39,16,0.09585,1,17.7235512,0,0.461383628,0,0.273351271,0,1,-19.99999997,2533,3915,63,1,0,0,0,0,-20,7842,485,7,0,0,0,0,0,0
92,105.562643,0.246269,101,33,0.09585,1,17.7235512,0,0.461383628,0,0.273351271,0,1,-13.93127806,2533,3915,63,1,0,0,0,0,-15.67614454,7842,485,7,0,0,0,0,0,0
93,8.841808,0.111111,24,3,0.09585,1,17.7235512,0,0.461383628,0,0.273351271,0,1,-9.236624318,2533,3915,63,1,0,0,0,0,-10.64695881,7842,485,7,0,0,0,0,0,0
94,33.005816,0.2,40,10,0.09585,1,17.7235512,0,0.461383628,0,0.273351271,0,1,-8.938317481,2533,3915,63,1,0,0,0,0,-10.15343098,7842,485,7,0,0,0,0,0,0
95,41.586876,0.333333,24,12,0.09585,1,17.7235512,0,0.461383628,0,0.273351271,0,1,-19.99999991,2533,3915,63,1,0,0,0,0,-20,7842,485,7,0,0,0,0,0,0
96,8.176024,0.3,7,3,0.09585,1,17.7235512,0,0.461383628,0,0.273351271,0,1,-4.693377413,2533,3915,63,1,0,0,0,0,-5.774942662,7842,485,7,0,0,0,0,0,0
97,10.586357,0.230769,10,3,0.09585,1,17.7235512,0,0.461383628,0,0.273351271,0,1,-12.48073815,2533,3915,63,1,0,0,0,0,-13.90035899,7842,485,7,0,0,0,0,0,0
